question,answer
How do i upload my one card student photo?,"After your deposit is paid, you can upload your one card photo. Complete the steps outlined onget your card."
Why do i need to upload a one card student photo to access my timetable?,A student's one card photo completes their student record and confirms that they are a conestoga college student.your one card student photo is also required to print and mail your one card to you. Your one card provides you access to a variety of student services. Learn more about how touse your card.
How do i confirm if i have an approved one card student photo?,"Log into theone card portalusing your conestoga credentials.select the “display card” tab from the menu to view your digital one card.if you do not see your photo available, follow the steps to upload your one card student photo on theget your cardweb page."
What happens after i upload my one card student photo and it is approved?,You will receive an email at each step of the one card student photo upload process to keep you informed.refer toget your cardto review how you will receive your one card.
Do i need to upload a new student photo every term?,"No. After your one card student photo has been uploaded and approved, this will be your one card student photo for the duration of your studies at conestoga college. You are not required to update or renew your photo."
Can i change my one card student photo after it has been approved?,"If your one card student photo was uploaded more than 3 years ago, you may be permitted to provide a new photo. Please email the one card office atonecard@conestogac.on.caand provide additional information about the reason for your request."
I am a new student. How do i get my one card?,Your one card is available to you in both digital and physical form.refer toget your cardto review how you will get your one card.
Why should i put money on my card?,"Condor cash gives you a safe, fast and convenient way to make purchases at all on-campus and select off-campus merchants. Using condor cash allows you to access condor perks, including specials and discounts."
How do i load money on my card?,"Funds can be added to your one card:online through theone card portalusing debit or credit, orat any conestoga bookstore using debit or credit."
What if i have a visa/debit card or master card/debit card?,"Use the interac option on the cash loading portal and if you have difficulty, use the credit card option. The one card office is available to answer questions via phone at 519 748-5220, ext. 3530."
Is condor cash the same thing as print balance?,"No, condor cash and your non-refundable print balance are two different accounts. Condor cash is used for purchasing on campus. Your non-refundable print balance is used for on-campus printing (excluding csi hubs & mt print). Your one card is used to release print jobs in some locations, however, the print job itself is paid for with your non-refundable print balance. At the beginning of each term, your non-refundable print balance is reset. This balance can only be used to pay for printing. The leftover"
Is condor cash the same thing as print balance?,"Balance will be reset if it’s not used. Once your non-refundable print balance reaches zero, print charges will begin deducting from your condor cash funds. Learn more aboutprinting and photocopying on campus."
Where can i use condor cash?,You can usecondor cashat various locations on and off campus.
How do i see the transactions i have made?,Login to theone card portalto view your transactions.
Can i get a refund of my condor cash?,Your condor cash never expires. Condor cash will automatically roll over to the next term.students are permitted to request a refund of their condor cash. Email the one card office atonecard@conestogac.on.cato inquire.
Can i use my one card as a transit pass?,"Students registered at the kitchener - doon, kitchener - downtown, cambridge - fountain street, and waterloo campuses who purchase a 4-month unlimited grt term pass can use their one card as a transit pass. Visit thepublic transit web pagefor more information."
How do i log in to the one card portal?,Students can log in with their conestoga network login and password.parents/others may deposit money into a student’s account using the student number and student date of birth.
What do i do if i receive an error on the one card portal?,"Please try the following methods to troubleshoot:clear your cacheclear your browser historyuse incognito modeuse a desktop/laptoptry firefox or internet explorerif you continue to receive an error message, please take a screen shot of the error you are receiving and email us atonecard@conestogac.on.cawith your screen shot and information about the challenges you are experiencing."
What do i do if my card is lost or stolen?,"Stolen and lost cards should be suspended immediately. For information about how to suspend your card and request a replacement, refer toreplace your card."
Does my card expire?,One cards do not have expiry dates. Our cards are intended to follow students to convocation and beyond. We consider you part of the conestoga community even when an alumni.
Why can’t i put a hole in my card to put it on a lanyard?,"The one card has built-in chip technology and an antennas which allows students to tap and swipe their cards around campus. Putting a hole in the card will cause damage, which may cause the card to malfunction."
Where do i find the terms and conditions of use?,Please see the terms and conditions of use on theuse your cardpage. You acknowledge these terms when logging in to your student portal each year. You also acknowledge these terms when you upload a photo for your one card and when you make your first deposit into your condor cash account.
I have a preferred first name. How do i request my preferred first name is printed on my one card?,"Upon request, an individual’s preferred first name can be issued on their physical one card. To request a preferred name change, please complete thestudent preferred name and/or gender change request form (pdf)and submit the form via email tostudentrecords@conestogac.on.ca.once the request form is processed by the registrar’s office, please visit aone card office locationto request a reprint of your physical one card. There is no charge to reprint your one card for a preferred name change. You will be"
I have a preferred first name. How do i request my preferred first name is printed on my one card?,"Required to show government issued id when you visit the one card office (including if your legal name remains on your government id). Please bring your old one card with you to receive your reprinted one card if a previous one card was provided to you.at this time, your legal name registered on your student record will display on the one card portal and on your digital one card (displayed on the one card portal). We are currently undergoing updates to the conestoga college system to enable preferred name"
I have a preferred first name. How do i request my preferred first name is printed on my one card?,Changes to reflect on the student’s one card portal and digital one card.
1. What is the difference between orientation and frosh week?,"Orientation is hosted by the college and frosh week is hosted by conestoga students inc. (csi), the official student association for the college.orientation is the main event for first-year students. It is comprised of free events, with a mix of optional and mandatory activities, including: information webinars, campus welcome drop-in, and a mandatory online academic orientation session. It is the time for new students to get aquainted with the resources and services available, learn vital information about"
1. What is the difference between orientation and frosh week?,"Academic success, and get a sense of the conestoga college community. You will learn essential information about college life and set the foundation for a successful journey at conestoga college.frosh week is organized to welcome new students to conestoga college through community-building and social activities. Some events might include a fee."
2. Which orientation events are mandatory and which should i register for?,Youracademic orientation sessionis mandatory and registration is not required. Thecampus welcome drop-inandsocial eventsare optional to attend and may require registration.
3. What if i can't attend my mandatory online academic orientation session? will the session be recorded?,Your online academic orientation session will be recorded. Your instructor will post the recorded video toeconestogabefore the third week of classes.
4. I will not have my visa in time to attend orientation activities. What should i do?,Please email international admissions atinternationaladmissions@conestogac.on.cafor further assistance.
5. What is the purpose of my one card? do i need to pick it up during orientation?,"Your one card has many functions. It is your student id and also gives you access to discounts at off-campus food vendors, transit (applicable for eligible students), library resources, printing, the recreation centre, and more. Learn all about thefunctions of the one card.you can pick up your one card card on your campus welcome drop-in day or the week after orientation."
6. Can i get a campus tour during orientation?,"During your campus welcome drop-in, you can request a tour at participating campuses. Tours are scheduled on a first-come, first-served basis. You may be asked to wait 10–15 minutes for a tour. Speak to our student engagement team when you arrive."
"7. Will i meet my professors on campus, or will my program host an in-person meet and greet?",You may get to meet some of your professors in your academic orientation session. Some programs are also hosting an in-person meet and greet on campus during the campus welcome drop-in. View ourcalendarfor details.
8. Is there complimentary parking during the campus welcome drop-in?,"Complimentary parking is provided to students visiting campus on their campus welcome drop-in day. For instructions on how to redeem complimentary parking, visitdirections and parking."
9. Where can i find a campus map?,"Visitdirections and parkingfor campus maps. We encourage you to look at the map or take avirtual tourbefore arriving, to better orient yourself while on campus."
10. I don't understand the room numbers and where my classes are located.,Kitchener - doon and waterloo room example2e052 - the first digit is the floor number.e - the letter is the floor wing.05 - the last two digits are the room number.guelph room exampled18d - the letter is the floor wing.18 - the last two digits are the room number.cambridge - fountain street examplea1326a - the letter is the building.1 - the first number is the floor level.326 - the last three digits are the room number.brantford and downtown kitchener example013 or 145if there is a 0 in front of the number
10. I don't understand the room numbers and where my classes are located.,"That means the room is on the lower levelif the code starts with a 1, the room is on floor one. If the code starts with a 2, the room is on floor two and so on."
11. Are orientation dates and times final?,Check back regularly for any updates to the campus welcome drop-in agenda and your academic orientation session date/times.
12. Do any orientation events cost money?,"Orientation events are free. Frosh week events, hosted by conestoga students inc., may include a fee."
13. What should i bring to orientation?,"Yourself! you don't need to bring anything, but we suggest wearing comfortable shoes for exploring the campus. Visitdirections and parkingfor campus maps. We also encourage you to take avirtual tourbefore arriving, to better orient yourself while on campus."
14. I am having trouble accessing my timetable.,"To receive your timetable, you mustget fully registered. Once these items are complete, please allow 24 hours for your account to be updated in thestudent portal.if you've completed this step and need help accessing your timetable, please emailstudentrecords@conestogac.on.ca."
15. My password and/or user name is not working when i log in to my student account.,"Visit the it website for information aboutaccessing your account. Or, reach out to it services for help:email:itsdesk@conestogac.on.caphone: 519-748-5220, ext. 3444toll-free: 1-866-636-4718"
16. How do i access the wi-fi while on campus?,Visit it services for instructions onconnecting to the wi-fi.
17. How do i get in touch with my program coordinator for questions related to my program?,Please refer to your program's student handbook for contact information.
How can i access a career centre?,"To access services at community career centres, you can call, visit or email any centre."
"I am a conestoga student and i can't access the student success portal, what do i do?",Current conestoga students: contacttalenthub@conestogac.on.caif you have forgotten your conestoga login credentials or they don't work.
"I am a conestoga graduate and i can't access the student success portal, what do i do?",Canadian graduates: contactwaterloocareercentre@conestogac.on.caif you have forgotten your conestoga login credentials or if they don't work.international graduates: contacttalenthub@conestogac.on.caif you have forgotten your conestoga login credentials or if they don't work.graduates lose access to their login credentials four months after completing a program.
How much does a session cost at the community career centre?,Career centre services are free.
How can i access funded training?,"This is one of the many options to discuss with your career work coach as everyone's situation is unique. If you are eligible for funded training, your coach will walk you through the guidelines and procedures."
"What is the difference between a career, a job, an occupation and work?","A career refers to the total work-related experiences an individual has over the course of their life (e.g., an electrician). A job refers to a specific set of duties performed in a specific place (e.g., a self-employed photographer working from home). An occupation is a cluster of related duties that can be performed at various locations for different employers (e.g., engineer). Work means systematic and goal-directed activities that result in outcomes valued by the person working and/or by society. Work"
"What is the difference between a career, a job, an occupation and work?",Can be paid or volunteered.
What is labour market information?,"Labour market information is the information you need to make sound decisions about your future. It includes information about occupational options, training programs, employment opportunities, industry growth and anything else you might want to know before making an employment-related decision."
Why do i need to know about the labour market?,"Because career decisions are so important, you'll want to make sure you are well-informed when making your choices. That's where labour market information plays a key role. Every week, we hear stories about the job situation in different industries and how some occupations are growing and others are not. You'll be able to make an informed decision by interpreting labour market information and decide how much weight to give it when you are making career choices. You'll be able to anticipate trends and see"
Why do i need to know about the labour market?,How they may affect decisions you are making. You'll need to consider things like:occupational informationindustrial informationlabour market and social trendseconomic and political trends
How do i learn about trends and the labour market?,"There are many different ways to explore trends and labour market research. For example: printed sources, audio/video/electronic sources and word of mouth.useful websites for occupation research & labour market informationinnovation, science and economic development canadacanadian careersgovernment of canada job bankontario's labour marketnational occupational classification (noc)skilled trades ontariowork in canada"
How do i get information ‘first hand' or by word of mouth?,One of the most effective methods of obtaining more detailed information about a particular career is to conduct an information meeting with someone who holds a position that interests you. Information meetings are beneficial because they allow you to:explore careers and clarify your career goalexpand your professional networkbuild confidence for your job interviewsaccess the most up-to-date career informationidentify your professional strengths and weaknessessee the organization from the insideinformation
How do i get information ‘first hand' or by word of mouth?,"Meetings do not mean you ask for a job. They are meetings that allow you to ask questions to find out information you need to make an informed, confident decision about your future. You should do information meetings with people who are in the career that you are interested in, the supervisors of the position you are interested in, and graduates of training programs you may be considering."
"With all the changes in the workforce, have the skills employers look for changed?","Yes, as workplaces change and evolve, employees need to adapt to remain employable. The conference board of canada developed a list of transferable, generic skills that employers look for in new employees grouped under fundamental skills, personal management skills and teamwork skills. Additionally, the government of canada and other international/national agencies have validated this and further defined nine essential skills that individuals need for learning, working and living.towes: essential"
"With all the changes in the workforce, have the skills employers look for changed?",Skillsemployment and social development canada : essential skills
What about working for myself? is it a good idea?,Many trends have opened the door for small business startups. Small business is full of risks and rewards and many grow into large enterprises. Do your research and analyze your skills to determine if you will be a good business owner and if your plan will be successful.government of canada: starting a business
What are recruitment firms? i see so many listed on job postings.,"Recruitment firms are businesses that have grown out of some of the trends of outsourcing human resources duties. Many firms hold contracts with employers to find employees to fill short-term or permanent vacancies. There are many types of firms and they go by a variety of names, such as headhunters, employment agencies, or staffing services. Get to know who does what and find out how they can work for you while you transition to a new career.settlement org: employment agencies"
Where can i find money for retraining and skills enhancement?,"If formal education is the route best for you, investigate a variety options for covering costs of training and pick the ones that fit your situation the best.budgeting & savings– a budget is an organized way of managing your finances on a regular basis. A good budget is a starting point for meeting your financial obligations and achieving your financial goals. Set aside a small amount of money towards educational costs. For tools to help you assess your situation, visitcanlearn, canada's trusted source of"
Where can i find money for retraining and skills enhancement?,"Interactive and comprehensive information and services designed to help individuals save, plan and pay for lifelong learning opportunities.friends & family– if you have researched into the field you wish to train in and present a sound plan and evidence for your decision, family and friends may be eager to assist you. Talk to them early on in your planning about gifts, inheritance, flexible loans (remember to put the agreement in writing!) or paying expenses directly.life insurance– assess your need for"
Where can i find money for retraining and skills enhancement?,"Life insurance, you situation may have changed. There may be policies that you can cash in and reinvest the money in your studies.severance pay– as per the employment standards act ""severance pay"" is compensation that's paid to a qualified employee who has his or her employment ""severed."" it compensates an employee for loss of seniority and job-related benefits. It also recognizes an employee's years of service.” severance pay is often paid in a lump sum and is ideal for transitioning from old job to new,"
Where can i find money for retraining and skills enhancement?,Assisting with training costs if needed.lifelong learning plan– thelifelong learning plan (llp)allows individuals to withdraw funds from their registered retirement savings plan (rrsp) to finance training or education for themselves or their spouse or common-law partner. Visit:service canada: lifelong learning plan.bank loan– some financial institutions offer their own student loans. Be aware that these are not government-approved loans but regular loans with the word “student” attached.line of credit– with
Where can i find money for retraining and skills enhancement?,"A line of credit, you are given access to a set amount of money and allowed to withdraw money as you need. You pay interest only on the amount you withdraw.credit cards– similar to a line of credit. Beware of very high-interest rates.grants, bursaries, awards, scholarships– these are sources of funding that do not need to be repaid. Some are tied to academic standing and others to personal situation or need. Many are given through private sector and not-for-profit organizations that may or may not require a"
Where can i find money for retraining and skills enhancement?,"Person be affiliated. Check with your or your spouse's employer for programs, as well.www.studentawards.comis a free canadian search service that can help you locate information.check financial aid office at school of choice– get in touch with the school you are interested in attending. Inquire about financial assistance (payment plans, sponsorship, bursaries, etc) that may be available for you. Options are often available that are not advertised.osap– ontario student assistant program – a loan program that"
Where can i find money for retraining and skills enhancement?,Provides assistance to students to help them meet the costs of post-secondary education. Visitosap.gov.on.ca.canadastudent loan program– loans that help eligible full and part-time students finance their post-secondary education. Visitcanada student loan program.canadastudent grants– provides financial support to help qualifying post-secondary students achieve their learning goals. Visitcanada student grants.better jobs ontario– a program to help eligible laid-off workers or people who may face challenges
Where can i find money for retraining and skills enhancement?,"Finding stable jobs who require long-term skills training to find work in high-skill occupations that are in demand in the local labour market. For more information, visitbetter jobs ontario.people with disabilities– a variety of government programs designed to assist people with permanent disabilities re-enter the workforce. For more information, visitstudents with disabilities.indigenous peoples– a number of programs designed to help indigenous peoples with training or post-secondary education."
Where can i find money for retraining and skills enhancement?,Visitindigenous languages and cultures program.
Grade point information,Effective sept. 2005gradegrade pointrangea+4.090-100%a3.7580-89%b+3.5075-79%b3.070-74%c+2.565-69%c2.060-64%d1.055-59%f0below passing grade for the courseexadvanced standing/exemptionagaegrotat standingiincompleteitcinternal transfer credittctransfer creditppassedauauditatattended an ungraded coursewwithdrawal from course (before the drop deadline)ydiscontinued by the collegednaregistered but did not attendi/pcourse remains in process at end of term​nc​​course is not complete due to exceptional circumstances
Grade point information,(effective april 2020)the minimum passing grade for a course is 55% unless otherwise stated on the course outline or college calendar. Conestoga collegeacademic policies are available here.pass/failsome courses and programs may also record achievement as:pass(p) the course outcomes are satisfactorily met in a course which uses the pass/fail grading system.fail(f) failure to meet course outcomes in an acceptable mannerungraded coursessome courses are ungraded and these will record that a student/ participant
Grade point information,Either:at attended an ungraded coursedna registered but did not attend
Grade point average (gpa),"At the end of each course, the final grade earned or other notation is recorded on the student record and made available through the student portal at the end of each session/semester or upon completion of a program of study. The session grade point average and/or the program grade point average will be automatically calculated and recorded on the transcript.grade point (gp)assigned to each course, the grade point is a numeric representation aligned to an alpha grade and/or a percentage range.session grade"
Grade point average (gpa),Point average (gpa)represents the courses taken within a program session. The session gpa is printed on transcripts and achievement records for cohort based programs. It is calculated by averaging the grades achieved and credit weighting by the credits assigned to each course.program grade point average (gpa)represents all courses taken for the specified program code/version. These courses may have been taken either via the cohort or through part time studies (non-cohort). The program gpa is not related to
Grade point average (gpa),"A given session. It is based on the program code/version and all the courses the student took that are part of the program, including electivesgrade point average - calculationthe session grade point average and/or the program grade point average will be displayed on the transcript/achievement record and calculated as follows:the enrolled course must have a credit value.the grade scale associated to the course must be included in the gpa calculation.(pass/fail courses are not included.)alpha grades not"
Grade point average (gpa),"Assigned a grade point value (au and dna) do not have a grade point value)transfer credits are not included in the calculation of gpa.the grades of i/p (in process) and i (incomplete) are not included in the gpa calculations.if a course is repeated (including equivalencies) the most recent grade will always be used to compute the program gpa. If the first course taken is a failure and the same course is repeated (including equivalencies) and it is a failure, only one failure will be used in the calculation"
Grade point average (gpa),Of the gpa.course failures associated to an enrolment status of pla will not be included in any gpa calculation.use of grade point averagethe program/cohort gpa may be used to determine the academic standing and academic awards.
Academic standing decisions,Academic decisions are based on a student’s academic achievement with respect to the promotion standards of the program of study. Academic decisions are entered on the student's permanent academic record and will appear on the transcript. Progress from one level to the next is dependent upon successful completion of courses and/or meeting program promotion standards.students are informed in advance of the standards which will determine successful progression through the program of study to program
Academic standing decisions,"Completion. Students who require longer than the designed program duration to complete their studies are accountable for completing any new and/or additional courses or program requirements that may result due to changes in the program of study. In such cases, the chair of the program may grant exemptions where it is deemed appropriate.based on a student's academic achievement and following the promotion guidelines of the program, an academic standing decision is assigned to the student record indicating"
Academic standing decisions,"Progress/promotion/graduation.graduateallowed to graduate.met requirementsmet requirements of program.eligible to continuepromoted to the next academic level of the program.special timetable - same levelnot promoted, or allowed to graduate due to missing/failed course(s). However, student is allowed to return to the program to repeat/complete missing/failed course(s).academic probationpromoted to next level with a special timetable and academic conditions.decision pendinga temporary decision, pending"
Academic standing decisions,Receipt of final marks.discontinued (formerly college withdrawal)initiated by the college due to the student’s failure to meet program objectives.required to withdrawcollege initiated termination of studies due to non-academic performance.
Academic appeals,"Conestoga has established procedures to deal with academic appeals in an effective, timely, fair, and impartial manner. Before submitting an appeal, please review theacademic dispute resolution and appeal procedure (pdf)to familiarize yourself with the necessary appeal steps and criteria.how to submit an appeal*effective april 15, 2024full-time studentsfor appeals at step 1, complete this step by email to the appropriate faculty member.for appeals at step 2 or higher, complete these steps using theacademic"
Academic appeals,"Appeal requestfound on thestudent portalunder “my services"" > ""my forms"". Once you select your appeal type, the request form will automatically guide you through the steps.part-time studentsfor appeals at step 1, 2 or 3, complete these steps by email to the appropriate faculty member, chair, or dean. When submitting an appeal by email, please refer to the appeal criteria and attach all relevant documentation.for appeals at step 4, complete this step by email toappeals@conestogac.on.ca.supportif you require"
Academic appeals,"Assistance with the academic appeal request process, you can request support from a csi student advocate. Visitacademic appealson the csi website."
Student achievement report,"The student achievement report includes an academic standing decision and all courses with or without a formal assessment component. These reports are available at the end of each session via the student portal or those with decisions other than ""eligible to continue"" will be issued/mailed by the registrar's office. Marks are considered confidential information and, therefore, are not given out over the telephone under any circumstances. When inquiring about achievement, the student identification number"
Student achievement report,Must be provided.
Requesting a transcript,"Note: allow at least two weeks for processing. Official transcripts will not be issued to students with outstanding tuition, residence or incidental fees.request a transcript for your ocas or ouac applicationif you are applying online to college (www.ontariocolleges.ca)oruniversity (www.ouac.on.ca) and are currently attending or previously attended an ontario college or university; to have your transcript transferred, you must complete the online ontariocolleges.ca or ouac transcript request form.request a"
Requesting a transcript,"Transcriptthe registrar's office uses mycredstmto issue digital transcripts.mycredsis a digital wallet that provides secure access to your academic credentials that you can share with colleges, universities, employers, immigration authorities, and other third parties. Please visit mycreds.ca for answers tofrequently asked questions.when your academic status in a program is updated to ""graduate"", your digital credential (parchment) and transcript will be automatically uploaded and available through mycreds"
Requesting a transcript,"Within 24-48 hours. A notification will be sent to your conestoga email address with information on how to set up an account. Be sure to link your personal email address so that you never lose access to your records.for a general transcript request where a status of ""graduate"" is not applicable, please follow the steps below:full-time students:log in to thestudent portaland complete the request for transcript form. Select the “services” tab, then select the “my forms” button.continuing education students,"
Requesting a transcript,"Former students, and alumni:complete thisrequest for transcriptform.when your request for transcript form has been processed and your digital transcript is available, you will receive an email from mycreds. Follow the instructions in the email to register and create your mycredsaccount.to share your transcripts with a third party, you need to purchase ‘share credits’ on themycreds learner portalusing a valid credit card. One share requires one share credit.mycreds faqwhat information is on the official"
Requesting a transcript,"Transcript?an official transcript contains your academic achievements and bears official signatures and conestoga college crest.how does mycreds™ secure my official digital transcript?when shared through the mycreds platform, the official transcript is authentic, tamper-evident and legally valid. Documents issued through mycreds contain digital signatures that meet the legal requirements of certified digital documents in countries around the world. When you share your documents with third parties through"
Requesting a transcript,"The mycreds portal, these digital signatures ensure their authenticity.mycreds stores your documents securely with your data remaining under conestoga college’s control. You control who you share your documents with. The underlying mycreds systems have been independently tested by security experts.how do i log in to the mycreds learner portal?if you have the email notification you received from mycreds when the document was issued: follow the link in the email notification and log in with your username and"
Requesting a transcript,"Password. If you have not yet created an account, it will prompt you to do so.if you no longer have the email notification you received from mycreds: from thesign inpage, selectsign in with your education provider. From the institution drop-down menu, selectconestoga college. Next, log in with your username and password. You must have already created an account to access the system without the email link.what email address will mycreds use to send notifications?all mycreds notifications for current students"
Requesting a transcript,"And recent graduates will be sent to yourconestoga college email address.if you are a former student and/or you no longer have an active conestoga college email account, the notification will be sent to the email address you include in your request.how do i share my digital transcript?once you receive the confirmation email that your digital transcript is available, simply follow the link provided to log in to your secure account on the mycreds learner portal. Don’t forget to check your junk folder if you"
Requesting a transcript,"Don’t see the email in your inbox.after logging in, purchase the number of required ‘share credits’ by clicking on theadd morelink. You will need one share credit for each email address you are sharing your transcript with.from thedocumentspage, which will be displayed after login, click on thesharebutton next to the document you wish to share. You will enter the recipient email address and mycreds will send an email to the person or organization. You can specify for how long they can access the document,"
Requesting a transcript,"Or require them to have a pin to access the document.this document sharing screen is where you will enter the recipient email address. Once you have entered the email address, click thecontinuebutton.review the number of share credits you have for this document, and clickshare.review the confirmation message which will include the email address for the recipient you have shared your transcript with. You can advise the recipient to expect an email notification frommycreds.ca|mes certif.ca"
Requesting a transcript,"<noreply@mycreds.ca>.for complete details about sharing your documents, please see themycreds learner faq.what are share credits?instead of paying a fee per paper transcript, with the digital transcript you will purchase a specific number of ‘share credits’ for that document on the mycreds learner portal. Each share credit will allow you to share the secure digital transcript with one recipient, such as an employer or an educational institution. A valid credit card is required to purchase share credits. For"
Requesting a transcript,"Example, if you need to send transcripts to both a regulatory board and your employer, you will need to purchase two share credits from the mycreds portal. In the mycreds learner portal, you will be able to see how many share credits you purchased, how many you have already used, and how many are remaining.what is the cost of a digital transcript?the cost for each digital transcript share credit is $12 plus tax. Transcript fees are charged in canadian dollars and can be paid by using visa, mastercard, apple"
Requesting a transcript,"Pay and google pay. Payments are non-refundable.how can i download my digital transcript as a pdf?your digital transcript is not available for download from the documents page in your mycreds learner portal. This is one of the ways that the office of the registrar ensures the integrity of academic records for employers, government authorities and other verifiers. When you share the document with a third-party recipient directly through the mycreds platform, the recipient can verify that the document is"
Requesting a transcript,"Authentic and current and will have access to the transcript in pdf format which they will be able to download and retain for their record-keeping purposes.as a learner, if you need a copy of your official transcript for your own records, simply share the document with yourself by entering your own email address. This will then allow you to access and download the pdf. This option will use up one share credit. If you also need to share the document securely with another third party within the platform, you"
Requesting a transcript,Will need to purchase additional share credits. Seehow do i share my digital transcript?above for step-by-step instructions.need more help? visitmycreds learner faqor contactstudentrecords@conestogac.on.ca.
Academic credentials / documents of recognition,"Depending on the program, the official documents awarded by the board of governors in recognition of successful completion of a program are:certificateontario college certificatebaccalaureate degreeontario college advanced diplomaontario college diplomaontario college graduate certificateadditional information on academic policies and procedures may be found atour policies website.affirmationan affirmation for courses with a formal assessment component may be obtained by completing thegeneral request"
Academic credentials / documents of recognition,Form(pdf) and submitting to the registrar’s office with the applicable fee. This document is suitable for framing.statement of participationa statement of participation indicates the student's attendance and participation in a course in which there is no formal assessment (provided the course is eligible) and may be obtained by completing thegeneral request form(pdf) and submitting to the registrar's office with the applicable fee. This document is suitable for framing.certificate of achievementawarded by
Academic credentials / documents of recognition,"The office of the registrar to students who have successfully completed outcomes of a prescribed program; typically less than 180 hours in duration. This certificate will include the logo and seal of the conestoga and will be signed by the registrar.recognition of learningthis document is awarded by the program team in order to recognize learning that does not qualify for a credential/document as outlined in the definitions above.document replacementif a duplicate copy of a document is required, the request"
Academic credentials / documents of recognition,"Must be made in writing to the registrar's office. Ageneral request form(pdf) is available for this purpose. Documents that can be requested are certificates, ontario college certificates, ontario college diplomas, ontario college advanced diplomas, ontario college graduate certificate, applied degrees, affirmations and statements of participation. Applicable fees apply."
Convocation,"Official graduation ceremonies take place in february, june, and november and feature the presentation of diplomas, certificates, degrees, and special college-wide awards.to be eligible to participate, the student must have successfully completed all program requirements by a specific date (which permits the registrar’s office to process your records) and the program must qualify for participation in the ceremonies. If program requirements are not completed until after the date set, the student would be"
Convocation,"Eligible to participate in the next scheduled convocation.information on convocation is mailed to all potential graduates. To attend the ceremony, students must register their attendance through the student portal.note:in programs where an academic standing decision of ""met requirements"" is assigned upon completion of the program, the students are not eligible to participate in the convocation ceremony.application to graduateif a student is not registered in a full-time program, and is completing the final"
Convocation,"Course(s) of the program on a part-time basis, theapplication to graduate form(pdf) must be completed and submitted to the registrar's office. Applicable fee will apply."
Privacy information,"Conestoga is committed to respecting your privacy and protecting your personal information. In accordance with section 39(2) of thefreedom of information and protection of privacy act, r.s.o. 1990, c. F.31, this is to advise you that your personal information is collected under the legal authority of theontario colleges of applied arts and technology act, 2002, and may be used and/or disclosed for administrative, statistical and/or research purposes of the college and/or ministries and agencies of the"
Privacy information,"Government of ontario and the government of canada, including, but not limited to, tabulating and reporting data on key performance indicators (graduation rate, graduate employment, graduate satisfaction and employer satisfaction). You may also be contacted by ministry- or college-authorized third parties for your voluntary participation in surveys to evaluate student and graduate experiences and outcomes.conestoga college is required to disclose personal information such as ontario education numbers,"
Privacy information,"Student characteristics and educational outcomes to the minister of training, colleges and universities under s. 15 of the ministry of training, colleges and universities act, r.s.o. 1990, chapter m.19, as amended. The ministry collects this data for purposes such as planning, allocating and administering public funding to colleges, universities and other post-secondary educational and training institutions and to conduct research and analysis, including longitudinal studies, and statistical activities"
Privacy information,"Conducted by or on behalf of the ministry for purposes that relate to post-secondary education and training. Further information on how the minister of training, colleges and universities uses this personal information is available on the ministry’s website.further information on the collection and use of student-level enrolment-related data can be obtained from the ministry of training, colleges and universities website or by writing to:director, postsecondary finance and information management"
Privacy information,"Branch,postsecondary education division, 7th floor, mowat block900 bay streettoronto, on, m7a 1l2"
Statistics canada notice,"Notification of disclosure of personal information to statistics canadastatistics canada is the national statistical agency. As such, statistics canada carries out hundreds of surveys each year on a wide range of matters, including education.it is essential to be able to follow students across time and institutions to understand, for example, the factors affecting enrolment demand at postsecondary institutions. The increased emphasis on accountability for public investment means that it is also important to"
Statistics canada notice,"Understand ‘outcomes’. In order to conduct such studies, statistics canada asks all colleges and universities to provide data on students and graduates. Institutions collect and provide to statistics canada, student identification information (student’s name, student id number, social insurance number), student contact information (address and telephone number), student demographic characteristics, enrolment information, previous education, and labour force activity.the federal statistics act provides the"
Statistics canada notice,"Legal authority for statistics canada to obtain access to personal information held by educational institutions. The information may be used for statistical purposes only, and the confidentiality provisions of the statistics act prevent the information from being released in any way that would identify a student.students who do not wish to have their information used can ask statistics canada to remove their identifying information from the national database. On request by a student, statistics canada will"
Statistics canada notice,"Delete an individual’s contact information (name, address, or other personal identifiers) from the psis database. To make such a request, please contact us:via telephone:monday to friday8:30 a.m. To 4:30 p.m. Et1-800-307-3382 or1-613-951-7608via mail:institutional surveys sectioncentre for education statisticsstatistics canada, main building, sc 2100-ktunney’s pasture, ottawa, on k1a 0t6via e-mail:psis-siep_contact@statcan.gc.castatistics canada maintains a recommended standard disclosure notice for"
Statistics canada notice,Reporting to statistics canada’s postsecondary student information system (psis) on thepsis website
Freedom of information,"Under current provincial law, a student’s records are considered confidential and will be released to a third party only upon the written authorization of the student or by exception as noted under the release of information section of this guide. Information collected in student records will be used to administer the programs and activities of the college. While student records are the property of the college, students have the right to view their own records upon request. Student records may include"
Freedom of information,"Personal, academic and non-academic information (for example, identification photographs)."
General information,"The term “student record” refers to the collection of data dealing with an individual who is associated with a program or course of study at the college. Most of the data is categorized as academic, personal and/or financial and is maintained by the registrar’s office. The official college record for each student is a permanent record consisting minimally of the student’s name, student number, personal data, achievement, and academic decisions and should be maintained for a minimum of 55 years.academic"
General information,"Record: consists of academic activity (program/course registration, achievement, transfer credits and academic standing) at the college.personal record:consists of biographical data and may include previous educational achievements such as secondary school records. Please ensure that the address in the registrar’s system is the correct one for mailing purposes. Contact the registrar’s office to request a personal data information change form to change your address or update other personal data on your"
General information,"Student record.financial record:consists of financial transactions with the college relating specifically to tuition and incidental fees.accuracy of the student record:the student is personally responsible for the completeness and accuracy of their student record, which is maintained by the registrar’s office. This includes mailing address, personal data and achievement. It is also the responsibility of the student to ensure that their program requirements are being met."
Who do i contact if i have an emergency or safety concern?,"If you feel unsafe or require immediate attention, contactsafety and securityfor support on campus. If you are off campus, contact emergency services by calling 911."
Where do i find information on mental health and wellness supports?,"Conestoga offerscounselling,peer supportandmedical careto assist students with mental health and wellness.for after-hours mental health support, please contactgood2talk- a free 24-hour service for ontario post-secondary students.if you are in crisison campus, contactsafety and securityfor support. If you are in crisisoff campus, contact emergency services by calling 911."
Where do i find information on sexual and gender-based violence supports?,"If you have experienced or witnessed sexual or gender-based violence and would like to discuss supports available both on and off campus, please contact thesexual and gender-based violence coordinator. They can answer questions regardingsexual assault and sexual violence policies and procedures, including your reporting options."
Who can report a student rights and responsibilities violation?,"College students, employees and members of the public may submit reports on behalf of themselves or someone else."
How and when do i report a student rights and responsibilities violation?,"If a concern continues, escalates, or informal resolution is not appropriate, you may decide to make a report to the srro. You can make a verbal report bycontacting usor use thereport formto report an incident in& writing. We will respond within two business days to arrange a time to discuss the incident and gather more information."
I have been reported for a student rights and responsibilities violation. What happens next?,"If you have received notice from the srro or safety and security of a report regarding your conduct, it is important to understand how the process works. Refer to the information onformal resolutionand thestudent rights and responsibilities procedure(pdf).contact uswith any questions."
Who do i contact if i have academic concerns?,"Each program area has a student success advisor (ssa) who is available to help you address academic issues and connect you to services. If you are unsure who your ssa is, complete theself-referral formto ask for help.for details on individual services and other important academic contacts, refer to your program handbook found under the more info tab on yourfull-time programpage."
"How do i dispute a grade, academic decision or academic integrity penalty?","Follow theacademic dispute resolution and appeal procedure(pdf). Speak with the faculty first about your concern. If your concern is still unresolved, contact the program chair to review the decision and determine the next step.if you need help navigating this process:contact your program area's student success advisor (ssa). If you are unsure who your ssa is, complete theself-referral formto ask for help, orcontactconestoga students inc., your official student association, for help with this process and"
"How do i dispute a grade, academic decision or academic integrity penalty?",Third party advocacy support.learn how to avoid and understand future academic warnings and offences through theacademic integrity website.
How do i challenge a decision or sanction assessed under the student rights and responsibilities policy?,"If you disagree with a decision or sanction assessed under the student rights and responsibilities policy thatdoes notaffectyour academic status at the college, you may submit achallenge form(pdf) to the associate vice-president of student affairs for review.appropriate grounds for submitting a challenge are personal bias/unfair treatment or new information/extenuating circumstances. Students must attach all relevant documents to support their request when they submit the form.if you disagree with a"
How do i challenge a decision or sanction assessed under the student rights and responsibilities policy?,"Decision or sanction assessed under the student rights and responsibilities policy thatdoes affectyour academic status at the college, submit a formal appeal as outlined in step 4 of theacademic dispute and appeal resolution procedure(pdf)."
Are my conversations with the srro confidential?,"It is important to understand that expectations for confidentiality depend on why you are engaging with our office.concernsif you reach out to our office with a concern, your conversation with the srro is confidential unless we have reason to believe that you are at risk of harming yourself or someone else, or if you disclose that another person is at similar risk. Excluding situations of imminent risk or harm, we will not advance your concerns without your permission.violationsif we reach out to you"
Are my conversations with the srro confidential?,"Because your conduct was reported to our office, we may disclose status reports, outcomes, and other relevant information to involved parties such as the violation reporter and any impacted areas of the college."
How does the srro protect my privacy and confidentiality?,"All records are filed in a secure electronic database. Managing these records is the responsibility of the srro under the direction of the associate vice-president, student affairs.access to these records is restricted to appropriate college staff as per the requirements and principles in the freedom of information and protection of privacy act (fippa).exceptionsare records under statutes that expressly state that they prevail over fippa."
Can i report concerns anonymously?,"We accept anonymous reports, but anonymity can limit our ability to review or address your concerns. If you do not want to disclose your identity, we will not be able to report back to you about the status or outcome of your concerns.to submit an anonymous report, you can contact us from an unknown phone number or email address without disclosing your name. We will be launching a new reporting system soon which will accept anonymous report submissions directly into our database.if you would like your"
Can i report concerns anonymously?,"Concerns or identity to remain anonymous after contacting our office, please let us know to discuss options with you."
Will student rights and responsibilities violations be visible on my permanent academic record?,Srro decisions and sanctions do not form part of a student's academic record except in cases of long-term suspension or discontinuance from the college.
Does conestoga offer remote working opportunities?,"Positions at conestoga college are governed by the applicable legislation of the province of ontario. As such, unless otherwise indicated, successful candidates will be required to conduct work within ontario and must be available to work on campus as required."
When are jobs posted?,"We post vacancies on an as-needed basis. Check the website regularly or sign up for rss feeds to receive notification of new positions. Academic competitions are posted to coincide with the academic year, usually in march or april for august hires."
There are currently no postings on the website. Can i submit my resumé anyway?,Conestoga college does not accept unsolicited resumés. Please apply for open competitions only.
I saw a conestoga posting on another site. Can i still apply?,"If it is not on our site, it is not an active competition. Some sites post without our knowledge and do not always remove the competition once the application deadline has passed."
What do you mean by “an internal candidate”?,Internal candidates for support staff positions are defined by the support staff collective agreement (article 17) as bargaining unit employees.internal candidates for academic positions are defined by the academic collective agreement (article 7.1b) as full-time and current partial-load employees or persons who have been partial-load employees within four (4) months prior to the posting.
"I am applying to a full-time support staff position. What does ""starting salary"" mean?","Successful candidates that are new to employment at conestoga college will begin at the pre-determined starting rate for a full-time support staff position as indicated in the job posting. Thereafter, employees shall progress within the pay band range in accordance with the increments outlined in the full-time support staff collective agreement."
Who should i address my cover letter to?,Address applications to: hiring manager
Can i submit my cover letter and resumé separately?,"Submit cover letters and resumés as a single file. Copy and paste your cover letter at the beginning of your resumé and save the combined document as a single file. Acceptable files are:. Doc,. Docx,. Pdf, and. Zip."
I am having a problem submitting my application. Do you have tips for uploading it?,"If you are a part-time employee, there may be an issue with your password and log in. Contact the it help desk at 519-748-5220, ext. 3444 for assistance.ensure your file is a. Doc,. Docx,. Pdf, or. Zip fileavoid special characters in the file name (i.e., hyphens, spaces, commas, numbers, etc).close the file before you upload it.save the file to your desktop so you can find it easily for uploading."
How will i know if my application has been received?,"Once you have uploaded your resumé and cover letter, you will see a screen confirming it has been received successfully."
"Can i make changes, additions or deletions to my resumé once it is submitted?","Once you have submitted your resumé, you will not be able edit it, so please proofread it carefully."
Can i drop off my resumé in person or email it?,"No, please use our online application system to apply for an open competition."
I have international credentials. Is an evaluation required?,International education requires submission of credential evaluation for accurate assessment and rating. Credential evaluations can be obtained via an accredited agency such asworld education services (wes)orinternational credential assessment service (icas).
When will i know if i have been selected for an interview?,Competition timelines vary; there is no standard time period for notification. You will be contacted if you have been selected for an interview.
I have been invited to an interview. What can i expect?,"The interview process will vary depending on the position. Candidates may be asked to submit a video recording, and/or interview via zoom or in person. Interview questions are determined in advance and all applicants are asked the same questions. This format allows us to evaluate all candidates fairly. Interviews are structured and candidates can expect to answer behavioural and scenario-based questions. You may be asked to submit required documentation, complete an assessment, and/or prepare a brief"
I have been invited to an interview. What can i expect?,Presentation or teaching simulation.
How do i request an accommodation?,"Conestoga offers an inclusive work environment, and we encourage applications from all qualified individuals. If you have an accommodation request, we encourage you to contact our hr team confidentially athrrecruitment@conestogac.on.ca."
Do i have to register for convocation?,"Yes. You will receive an email from noreply@marchingorder.com on or after may 7, 2024 with instructions on how to register."
How do i get a gown for the ceremony?,"Graduates will register for their gown through marchingorder when they confirm their attendance.graduates will not be permitted to cross the stage without a gown. If you do not pre-order your gown, you will need to pay $5.00 at the ceremony to obtain one."
Where will the ceremony take place?,"Bingemans conference centreis located at 425 bingemans centre drive, kitchener, on, n2b 3x7.please note:there are many entrances to the bingemans property. Be sure to take the street directly across from waterloo brewing. Follow the street all the way down the hill to marshall hall."
When should i arrive?,"Graduates should arrive 90 minutes before their designated ceremony time. It is very important to allow travel time to arrive within the registration period. If you do not register on time, you will not be able to sit with your classmates or join the ceremony until after all graduates have crossed the stage."
What happens if i arrive late?,You will not be able to sit with your classmates or join the ceremony until all graduates have crossed the stage. Late grads will be seated in a separate room where they can watch the ceremony via tv.
What should i bring to convocation?,"Your one card or photo id is mandatory to receive your registration card and document. Coats, bags, or other items can be left at coat check or with your guests."
When do i receive my document?,You will receive your graduate document after you have crossed the stage. Any documents not picked up will be mailed immediately following the convocation ceremony. Make sure your address is always kept up to date on thestudent portal.
I am a graduate with a disability or special needs and will attend my ceremony. Who should i contact to make special arrangements?,"When you indicate your attendance on marchingorder, you will have an opportunity to specify that you require special accommodation.our venues are wheelchair accessible."
I have a guest attending with a disability or special needs. Who should i contact to make special arrangements?,"When you indicate your attendance on marchingorder, you will have an opportunity to specify if your guest requires special accommodation.our venues are wheelchair accessible."
How many guests can i bring?,"Seating is limited to two guests per graduate, with an opportunity to bring additional guests, pending availability, on a first-come first-served basis. You will be notified by email through marchingorder if a second release of tickets will be made available. The event will also be livestreamed for guests who are unable to attend in person."
Do i require tickets for my guests?,"Yes, each graduate can claim two tickets for guests. All guests require a ticket, including babies and children, in order to meet fire code regulations related to the maximum capacity allowed at the venue. Digital tickets can be claimed on marchingorder when you indicate your attendance. Any tickets not claimed by the specified deadline indicated on the marchingorder registration will be released, creating a second opportunity to add guests on a first-come first-served basis."
Can i bring my child to convocation?,Children are welcome at the ceremony but must always remain with guests who can care for them until the event is over. Graduates will be seated together in the front section of the hall and children will not be permitted to sit among them nor cross the stage.
I am graduating from two programs. Which convocation should i attend?,"Graduates can only cross the stage once per ceremony. When both programs are scheduled within the same ceremony, a graduate must choose one program with which they will cross the stage. Where programs are scheduled during two different ceremonies, graduates can choose to attend both."
What if i cannot attend the ceremony?,"Graduates are only permitted to attend their designated ceremony. Due to the planning, scheduling and software that is used during the ceremony, you cannot attend a different ceremony. Each ceremony islive streamed and recorded.any documents not picked up will be mailed immediately following the convocation ceremony. Make sure your address is always kept up to date on thestudent portal"
Is there a live stream available for family who cannot attend the ceremony?,"Yes, there is alive stream videoavailable."
Where can i get the convocation program?,The program is a digital book in pdf format and will be available on theconvocation home pagethe first day of convocation week.
Can i attend my ceremony if i have outstanding fees?,"Graduates who have outstanding fees can still participate in the ceremony, but will not receive their document until the fees are paid. You can check your financial record through the 'financial'tab in thestudent portal."
How long is the ceremony?,The ceremony will last approximately 1.5 to 2 hours and graduates are expected to remain for the duration of the ceremony.graduates and guests are invited to attend the reception immediately following the ceremony.
Are there any costs associated with the ceremony?,"If you are in a full-time program, there are no additional costs. The convocation fee is part of the tuition fees you have already paid. However, if you do not pre-order your gown, you will be charged a late fee of $5.00 at the ceremony to obtain a gown.if you are in a part-time ontario college certificate or diploma program, you are required to pay the application to graduate fee."
Do i need to apply to graduate?,"You do not need to apply to graduate if you are a full-time student finishing your final academic level.if you are in a part-time program, finishing your final course and wish to graduate, you must complete anapplication to graduateprior to the graduate status deadline. The form can be found in thestudent portal, under the ""services"" tab. Then select the ""my forms"" button.if your status isspecial timetable, you must advise your enrolment officer when you are nearing completion of your final course.note: if"
Do i need to apply to graduate?,"You are currently taking an ontariolearn course, please emailconvocationquestions@conestogac.on.ca. Final grades for these courses must be received by the graduate status deadline in order for you to be eligible to graduate in the upcoming ceremony.if you have additional questions, please emailconvocationquestions@conestogac.on.ca."
How will my award be recognized?,"Graduates who have achieved high distinction and president's honour list are denoted in the program. Graduates who have achieved conestoga honour list, distinction, high distinction and president's honour list will have their award displayed on screen during the ceremony as they cross the stage.visitacademic recognitionfor more information about our honours procedure and how your award is recognized."
Who should i contact if i have other questions?,"For more information, emailconvocationquestions@conestogac.on.ca."
